S.No,Station ID,Station Name,EVSE ID,Address,City,State,Latitude,Longitude,Station Status,EVSE Status,Protocol,Coordinates,Map Link
1,69429a8a6e6a9d78d55d364c,Shahdara,032300130C03054,"16 963, Grand Trunk Rd, opposite Shyam lal College, Shahdara, New Delhi, Delhi, 110032",New Delhi,Delhi,28.6745,77.2875,Available,Available,ocpp1.6,"28.6745, 77.2875","28.6745, 77.2875"
2,693fa2d56e6a9d78d55d35a7,TEST CHARGER 01,FLX_HDCHIN23,"Delhi, India",Delhi,Delhi,28.7041,77.1025,Maintenance,Maintenance,ocpp1.6,"28.7041, 77.1025","28.7041, 77.1025"
3,69340e5e6e6a9d78d55d336a,Sangam Cinema,032300130C03149,"Sangam Courtyard, Major Somnath Marg, Sector 9 R K Puram, KD Colony, Sector 9, Rama Krishna Puram, New Delhi, Delhi 110022, India",NEW DELHI,DELHI,28.5726,77.1735,Available,Available,ocpp1.6,"28.5726, 77.1735","28.5726, 77.1735"
4,69340c936e6a9d78d55d3368,Keshav Puram Metro Station,032300130C03069,"Tyagi Public School, Block B, Keshav Puram, Tri Nagar, New Delhi, Delhi, India",NEW DELHI,DELHI,28.6867,77.162,Available,Available,ocpp1.6,"28.6867, 77.162","28.6867, 77.162"
5,6925a542a05363dfeeb6b9b7,EV charging Station,30EVS14T4225D030,"Naharpur Kasan, Nawada Road, Manesar, Gurgaon 122051",Gurugram,Haryana,28.3515,76.9428,Maintenance,Coming soon,ocpp1.6,"28.3515, 76.9428","28.3515, 76.9428"
6,6925a542a05363dfeeb6b9b7,EV charging Station,3EVS15E3125M008,"Naharpur Kasan, Nawada Road, Manesar, Gurgaon 122051",Gurugram,Haryana,28.3515,76.9428,Maintenance,Coming soon,ocpp1.6,"28.3515, 76.9428","28.3515, 76.9428"
7,6925a542a05363dfeeb6b9b7,EV charging Station,37EVS0001,"Naharpur Kasan, Nawada Road, Manesar, Gurgaon 122051",Gurugram,Haryana,28.3515,76.9428,Maintenance,Maintenance,ocpp1.6,"28.3515, 76.9428","28.3515, 76.9428"
8,6925a542a05363dfeeb6b9b7,EV charging Station,7K4EVS12R4125M0013,"Naharpur Kasan, Nawada Road, Manesar, Gurgaon 122051",Gurugram,Haryana,28.3515,76.9428,Maintenance,Maintenance,ocpp1.6,"28.3515, 76.9428","28.3515, 76.9428"
9,691487cda05363dfeeb6b636,QUALCHARGE,EVSTAR7KWGRM,"378-379, Udyog Vihar Phase 4 Rd, Electronic City, Phase IV, Udyog Vihar, Sector 18, Gurugram, Haryana 122015",Gurugram,Haryana,28.5002,77.073,Available,Available,ocpp1.6,"28.5002, 77.073","28.5002, 77.073"
10,691487cda05363dfeeb6b636,QUALCHARGE,3EVS15E3125M002,"378-379, Udyog Vihar Phase 4 Rd, Electronic City, Phase IV, Udyog Vihar, Sector 18, Gurugram, Haryana 122015",Gurugram,Haryana,28.5002,77.073,Available,Available,ocpp1.6,"28.5002, 77.073","28.5002, 77.073"
11,68fb5aa860f2a4a8f501026c,Passport Office side parking Sector 34,JTAC311102400029,"PQF9+5XH Chandigarh, India",CHANDIGARH,CHANDIGARH,30.7229,76.77,Discovery,Discovery,ocpp1.6,"30.7229, 76.77","30.7229, 76.77"
12,68fb572560f2a4a8f5010269,Piccadilly Back Side Parking Sector 34,JTAC311102400052,"PQF9+994 Chandigarh, India",CHANDIGARH,CHANDIGARH,30.7234,76.7685,Available,Coming soon,ocpp1.6,"30.7234, 76.7685","30.7234, 76.7685"
13,68fb572560f2a4a8f5010269,Piccadilly Back Side Parking Sector 34,08230148,"PQF9+994 Chandigarh, India",CHANDIGARH,CHANDIGARH,30.7234,76.7685,Available,Available,ocpp1.6,"30.7234, 76.7685","30.7234, 76.7685"
14,68fb548060f2a4a8f5010267,SECTOR 35C,JTAC311102400022,"Sector 35 Market Road, 35C, Sector 35, Chandigarh, India",CHANDIGARH,CHANDIGARH,30.723,76.7624,In use,Coming soon,ocpp1.6,"30.723, 76.7624","30.723, 76.7624"
15,68fb548060f2a4a8f5010267,SECTOR 35C,30EVS14T4225D031,"Sector 35 Market Road, 35C, Sector 35, Chandigarh, India",CHANDIGARH,CHANDIGARH,30.723,76.7624,In use,In use,ocpp1.6,"30.723, 76.7624","30.723, 76.7624"
16,68fb53ff60f2a4a8f5010265,Sector 34 Zone II Paid Parking Area,JTAC311102400045,"Parking area, Sub. City Center, Sector 34B, Sector 34, Chandigarh, India",CHANDIGARH,CHANDIGARH,30.7192,76.7666,Discovery,Discovery,ocpp1.6,"30.7192, 76.7666","30.7192, 76.7666"
17,68fb536d60f2a4a8f5010263,Passport Office Back Parking Sector 34,JTAC311102400006,"Passport Office, Back Side Parking , Sector, 34A Road,  Sector 34, Chandigarh, India",CHANDIGARH,CHANDIGARH,30.7228,76.7688,Discovery,Discovery,ocpp1.6,"30.7228, 76.7688","30.7228, 76.7688"
18,68fb3fb460f2a4a8f501025b,SECTOR 37C,JTAC311102400024,"Sector 37 C Market Park,  Sector 37, Chandigarh, India",CHANDIGARH,CHANDIGARH,30.7382,76.7494,Discovery,Discovery,ocpp1.6,"30.7382, 76.7494","30.7382, 76.7494"
19,68fb394760f2a4a8f5010257,Sector 34 Piccadilly Multiplex II,JTAC311102400016,"Piccadily Cinema (Piccadily Square Mall), Piccadily Road, Sector 34A, Sector 34, Chandigarh, India",CHANDIGARH,CHANDIGARH,30.7239,76.7677,Available,Available,ocpp1.6,"30.7239, 76.7677","30.7239, 76.7677"
20,68fb394760f2a4a8f5010257,Sector 34 Piccadilly Multiplex II,092300280,"Piccadily Cinema (Piccadily Square Mall), Piccadily Road, Sector 34A, Sector 34, Chandigarh, India",CHANDIGARH,CHANDIGARH,30.7239,76.7677,Available,Available,ocpp1.6,"30.7239, 76.7677","30.7239, 76.7677"
21,68fb345f60f2a4a8f5010254,Chandigarh Passport Office front parking Sector 34,JTAC311102400004,"Passport office, Sector 34A Road, Sector 34A, Sector 34, Chandigarh, India",CHANDIGARH,CHANDIGARH,30.7245,76.7695,Available,Available,ocpp1.6,"30.7245, 76.7695","30.7245, 76.7695"
22,68fb345f60f2a4a8f5010254,Chandigarh Passport Office front parking Sector 34,30EVS14T2225D028,"Passport office, Sector 34A Road, Sector 34A, Sector 34, Chandigarh, India",CHANDIGARH,CHANDIGARH,30.7245,76.7695,Available,Available,ocpp1.6,"30.7245, 76.7695","30.7245, 76.7695"
23,68fb33a460f2a4a8f5010252,Near green belt sec 20,JTAC311102400040,Near green belt along V-4 road of Sec-20 c Chandigarh,CHANDIGARH,CHANDIGARH,30.7216,76.7814,Available,Available,ocpp1.6,"30.7216, 76.7814","30.7216, 76.7814"
24,68fb33a460f2a4a8f5010252,Near green belt sec 20,30EVS14T2225D027,Near green belt along V-4 road of Sec-20 c Chandigarh,CHANDIGARH,CHANDIGARH,30.7216,76.7814,Available,In use,ocpp1.6,"30.7216, 76.7814","30.7216, 76.7814"
25,68959bc70e79791f3d8d9c0b,Azadpur,032300130C03138,"Azadpur Shalimar Bagh Flyover, Block AG, Wazirpur Industrial Area, Ashok Vihar, Delhi, India",NEW DELHI,DELHI,28.7006,77.1596,Available,Available,ocpp1.6,"28.7006, 77.1596","28.7006, 77.1596"
26,68959bc70e79791f3d8d9c0b,Azadpur,122300103C03191,"Azadpur Shalimar Bagh Flyover, Block AG, Wazirpur Industrial Area, Ashok Vihar, Delhi, India",NEW DELHI,DELHI,28.7006,77.1596,Available,Available,ocpp1.6,"28.7006, 77.1596","28.7006, 77.1596"
27,68949bcd0e79791f3d8d9bec,Chhatarpur,122300103C03204,"Chattarpur, Vasant Kunj Road, Ghitorni, New Delhi, Delhi, India 110070",NEW DELHI,DELHI,28.5042,77.1724,Available,Available,ocpp1.6,"28.5042, 77.1724","28.5042, 77.1724"
28,6836e28923b8094df59b5418,Jam Nagar House Near Entry Gate From Akbar Road Parking,JTAC311102400043,"Jam Nagar House, Shahjahan Road, South Block, jam nagar, New Delhi, Delhi, India",NEW DELHI,DELHI,28.611,77.2275,Available,Available,ocpp1.6,"28.611, 77.2275","28.611, 77.2275"
29,6836e28923b8094df59b5418,Jam Nagar House Near Entry Gate From Akbar Road Parking,JTAC311102400049,"Jam Nagar House, Shahjahan Road, South Block, jam nagar, New Delhi, Delhi, India",NEW DELHI,DELHI,28.611,77.2275,Available,Available,ocpp1.6,"28.611, 77.2275","28.611, 77.2275"
30,6835647e23b8094df59b53f5,Outside Kaka Nagar Bharat Ghar Parking,JTAC311102400038,"NDMC Barat Ghar, Subramania Bharti Marg, Kaka Nagar, India Gate, New Delhi, Delhi, India",NEW DELHI,DELHI,28.6059,77.239,Available,Available,ocpp1.6,"28.6059, 77.239","28.6059, 77.239"
31,6835647e23b8094df59b53f5,Outside Kaka Nagar Bharat Ghar Parking,JTAC311102400026,"NDMC Barat Ghar, Subramania Bharti Marg, Kaka Nagar, India Gate, New Delhi, Delhi, India",NEW DELHI,DELHI,28.6059,77.239,Available,Available,ocpp1.6,"28.6059, 77.239","28.6059, 77.239"
32,67ffa94d901b9b690529f27d,Kamla Nagar,032300130C03121,"Kamla Nagar Market, Jawahar Nagar, Kamla Nagar, Delhi, India",NEW DELHI,DELHI,28.6801,77.2087,Maintenance,Maintenance,ocpp1.6,"28.6801, 77.2087","28.6801, 77.2087"
33,67f8ad4df964cb02aff8bd8d,Near IT Park,032300130C03118,"IT Park, Sahastradhara Road, Rajeshwar Nagar Phase 2, Govind Vihar, Dehradun, Uttarakhand, India",DEHRADUN,UTTRAKHAND,30.3558,78.0851,Available,Available,ocpp1.6,"30.3558, 78.0851","30.3558, 78.0851"
34,679c7abfe598f8e32476e5dc,Palika Place Parking Area,032300130C03063,"Palika place, Panchkuian Marg, Block 42, DIZ Area, Gole Market, New Delhi, Delhi, India",NEW DELHI,DELHI,28.6386,77.2095,Available,Available,ocpp1.6,"28.6386, 77.2095","28.6386, 77.2095"
35,679c7abfe598f8e32476e5dc,Palika Place Parking Area,032300130C03838,"Palika place, Panchkuian Marg, Block 42, DIZ Area, Gole Market, New Delhi, Delhi, India",NEW DELHI,DELHI,28.6386,77.2095,Available,Available,ocpp1.6,"28.6386, 77.2095","28.6386, 77.2095"
36,679778e9e598f8e32476e57d,Near Helipad MDDA Park,122300103C03197,"Near Helipad MDDA Park dehradun, Uttarakhand, India",DEHRADUN,UTTARAKHAND,30.3763,78.0962,Available,Available,ocpp1.6,"30.3763, 78.0962","30.3763, 78.0962"
37,679778e9e598f8e32476e57d,Near Helipad MDDA Park,122300103C03184,"Near Helipad MDDA Park dehradun, Uttarakhand, India",DEHRADUN,UTTARAKHAND,30.3763,78.0962,Available,Available,ocpp1.6,"30.3763, 78.0962","30.3763, 78.0962"
38,679778e9e598f8e32476e57d,Near Helipad MDDA Park,CH03012025,"Near Helipad MDDA Park dehradun, Uttarakhand, India",DEHRADUN,UTTARAKHAND,30.3763,78.0962,Available,Maintenance,ocpp1.6,"30.3763, 78.0962","30.3763, 78.0962"
39,679728afe598f8e32476e56c,Near Maharana Pratap Chok,122300103C03194,"Maharana Pratap Chowk, Raipur, Dehradun, Uttarakhand, India",DEHRADUN,UTTARAKHAND,30.3078,78.0996,Available,Available,ocpp1.6,"30.3078, 78.0996","30.3078, 78.0996"
40,679728afe598f8e32476e56c,Near Maharana Pratap Chok,122300103C03196,"Maharana Pratap Chowk, Raipur, Dehradun, Uttarakhand, India",DEHRADUN,UTTARAKHAND,30.3078,78.0996,Available,Available,ocpp1.6,"30.3078, 78.0996","30.3078, 78.0996"
41,677e301d49695e5b961e21ac,Chandigarh Piccadilly Multiplex 1 left side Sector 34,JTAC311102400041,"Piccadily Cinema (Piccadily Square Mall), Piccadily Road, Sector 34A, Sector 34, Chandigarh, India",CHANDIGARH,CHANDIGARH,30.7232,76.7664,Available,Discovery,ocpp1.6,"30.7232, 76.7664","30.7232, 76.7664"
42,677e301d49695e5b961e21ac,Chandigarh Piccadilly Multiplex 1 left side Sector 34,032300130C03145,"Piccadily Cinema (Piccadily Square Mall), Piccadily Road, Sector 34A, Sector 34, Chandigarh, India",CHANDIGARH,CHANDIGARH,30.7232,76.7664,Available,Available,ocpp1.6,"30.7232, 76.7664","30.7232, 76.7664"
43,677e292549695e5b961e21a8,Chandigarh Sector 20 C front SCO 34 76 Near Gurdawara  Dakshan Marg,JTAC311102400017,"Gurudwara Chowk, Sector 33B, Sector 20, Chandigarh, India",CHANDIGARH,CHANDIGARH,30.7156,76.7782,Available,Coming soon,ocpp1.6,"30.7156, 76.7782","30.7156, 76.7782"
44,677e292549695e5b961e21a8,Chandigarh Sector 20 C front SCO 34 76 Near Gurdawara  Dakshan Marg,30EVS14T4225D029,"Gurudwara Chowk, Sector 33B, Sector 20, Chandigarh, India",CHANDIGARH,CHANDIGARH,30.7156,76.7782,Available,Available,ocpp1.6,"30.7156, 76.7782","30.7156, 76.7782"
45,675fdd2b7697d0cc450627d9,Near Pacific Hills Rajpur Road,122300103C03208,"weber EXPERIENCE CENTER, Malsi, Dehradun, Uttarakhand 248195",DEHRADUN,UTTARAKHAND,30.373,78.0774,Available,Available,ocpp1.6,"30.373, 78.0774","30.373, 78.0774"
46,675fdd2b7697d0cc450627d9,Near Pacific Hills Rajpur Road,122300103C03203,"weber EXPERIENCE CENTER, Malsi, Dehradun, Uttarakhand 248195",DEHRADUN,UTTARAKHAND,30.373,78.0774,Available,Available,ocpp1.6,"30.373, 78.0774","30.373, 78.0774"
47,675fdd2b7697d0cc450627d9,Near Pacific Hills Rajpur Road,012500401C03001,"weber EXPERIENCE CENTER, Malsi, Dehradun, Uttarakhand 248195",DEHRADUN,UTTARAKHAND,30.373,78.0774,Available,Available,ocpp1.6,"30.373, 78.0774","30.373, 78.0774"
48,675fcd987697d0cc450627d6,Kanak Chowk Pared Ground near Sulabh Sauchalay,032300130C03096,Kanak chowk pared ground near Smart Toilet Dehradun,DEHRADUN,UTTARAKHAND,30.3261,78.0475,Available,Maintenance,ocpp1.6,"30.3261, 78.0475","30.3261, 78.0475"
49,675fcd987697d0cc450627d6,Kanak Chowk Pared Ground near Sulabh Sauchalay,122300103C03200,Kanak chowk pared ground near Smart Toilet Dehradun,DEHRADUN,UTTARAKHAND,30.3261,78.0475,Available,In use,ocpp1.6,"30.3261, 78.0475","30.3261, 78.0475"
50,675fcd987697d0cc450627d6,Kanak Chowk Pared Ground near Sulabh Sauchalay,ZW11012025,Kanak chowk pared ground near Smart Toilet Dehradun,DEHRADUN,UTTARAKHAND,30.3261,78.0475,Available,Available,ocpp1.6,"30.3261, 78.0475","30.3261, 78.0475"
51,675e81cf7697d0cc450627b4,Infront of Patel Park near Clock Tower,122300103C03198,"Clock Tower, near by sulab toilet complex Dehradun, Uttarakhand, India",DEHRADUN,UTTARAKHAND,30.3246,78.0418,Available,Available,ocpp1.6,"30.3246, 78.0418","30.3246, 78.0418"
52,675e81cf7697d0cc450627b4,Infront of Patel Park near Clock Tower,ZW12012025,"Clock Tower, near by sulab toilet complex Dehradun, Uttarakhand, India",DEHRADUN,UTTARAKHAND,30.3246,78.0418,Available,Faulted,ocpp1.6,"30.3246, 78.0418","30.3246, 78.0418"
53,675d7b297697d0cc45062793,Near Gandhi Park,032300130C03072,"15, Rajpur Rd, Chukkuwala, Dehradun, Uttarakhand 248001",DEHRADUN,UTTARAKHAND,30.3266,78.0448,Available,Maintenance,ocpp1.6,"30.3266, 78.0448","30.3266, 78.0448"
54,675d7b297697d0cc45062793,Near Gandhi Park,032300130C03101,"15, Rajpur Rd, Chukkuwala, Dehradun, Uttarakhand 248001",DEHRADUN,UTTARAKHAND,30.3266,78.0448,Available,Available,ocpp1.6,"30.3266, 78.0448","30.3266, 78.0448"
55,675d7b297697d0cc45062793,Near Gandhi Park,ZW14012025,"15, Rajpur Rd, Chukkuwala, Dehradun, Uttarakhand 248001",DEHRADUN,UTTARAKHAND,30.3266,78.0448,Available,Available,ocpp1.6,"30.3266, 78.0448","30.3266, 78.0448"
56,6757f3cbfdff2c76599e59d8,NEAR C1 VASANT KUNJ NELSON MANDELA MARG,032300130C03095,"Nelson Mandela Marg, Pocket 11, Sector B, Vasant Kunj, New Delhi, Delhi 110067, India",NEW DELHI,DELHI,28.5315,77.1502,Available,Available,ocpp1.6,"28.5315, 77.1502","28.5315, 77.1502"
57,6757f3cbfdff2c76599e59d8,NEAR C1 VASANT KUNJ NELSON MANDELA MARG,032300130C03148,"Nelson Mandela Marg, Pocket 11, Sector B, Vasant Kunj, New Delhi, Delhi 110067, India",NEW DELHI,DELHI,28.5315,77.1502,Available,Available,ocpp1.6,"28.5315, 77.1502","28.5315, 77.1502"
58,675188e1fdff2c76599e5911,NEAR VASANT VIHAR SATYA NIKETAN NEAR MOTHER DAIRY,JTAC311102400044,"Metro Station Durgabai Deshmukh South Campus, near University of Delhi, Satya Niketan, South Moti Bagh, New Delhi 110021",NEW DELHI,DELHI,28.5888,77.1696,Available,Available,ocpp1.6,"28.5888, 77.1696","28.5888, 77.1696"
59,675188e1fdff2c76599e5911,NEAR VASANT VIHAR SATYA NIKETAN NEAR MOTHER DAIRY,032300130C03070,"Metro Station Durgabai Deshmukh South Campus, near University of Delhi, Satya Niketan, South Moti Bagh, New Delhi 110021",NEW DELHI,DELHI,28.5888,77.1696,Available,Available,ocpp1.6,"28.5888, 77.1696","28.5888, 77.1696"
60,675030b2fdff2c76599e58db,Connaught Place Outer Circle Panchkuian Road Near Abdul Salam Masjid Parking,JTAC311102400037,"G Block, Outer Circle, Nr. Masjid Abdul Salam, Connaught Place, New Delhi, Delhi 110001",NEW DELHI,DELHI,28.6333,77.2165,Available,Available,ocpp1.6,"28.6333, 77.2165","28.6333, 77.2165"
61,675030b2fdff2c76599e58db,Connaught Place Outer Circle Panchkuian Road Near Abdul Salam Masjid Parking,ZW092024001647,"G Block, Outer Circle, Nr. Masjid Abdul Salam, Connaught Place, New Delhi, Delhi 110001",NEW DELHI,DELHI,28.6333,77.2165,Available,Available,ocpp1.6,"28.6333, 77.2165","28.6333, 77.2165"
62,675030b2fdff2c76599e58db,Connaught Place Outer Circle Panchkuian Road Near Abdul Salam Masjid Parking,032300130C03127,"G Block, Outer Circle, Nr. Masjid Abdul Salam, Connaught Place, New Delhi, Delhi 110001",NEW DELHI,DELHI,28.6333,77.2165,Available,Available,ocpp1.6,"28.6333, 77.2165","28.6333, 77.2165"
63,67497ccbfdff2c76599e5843,Near Govt School MG Road,032300130C03147,"Near Government Senior Secondary Boys School, MG Road, Ghitorni, New Delhi- 110030 (Near Metro Pillar No. 139)",NEW DELHI,DELHI,28.49,77.1397,Available,Available,ocpp1.6,"28.49, 77.1397","28.49, 77.1397"
64,67497ccbfdff2c76599e5843,Near Govt School MG Road,032300130C03003,"Near Government Senior Secondary Boys School, MG Road, Ghitorni, New Delhi- 110030 (Near Metro Pillar No. 139)",NEW DELHI,DELHI,28.49,77.1397,Available,Maintenance,ocpp1.6,"28.49, 77.1397","28.49, 77.1397"
65,67444e77fdff2c76599e57ac,Arjangarh Metro Station,032300130C03050,"Luxera, Mehrauli-Gurgaon Road, near ARJAN GARH, Aya Nagar, New Delhi, Delhi, India",NEW DELHI,DELHI,28.4824,77.1283,Available,Available,ocpp1.6,"28.4824, 77.1283","28.4824, 77.1283"
66,67444e77fdff2c76599e57ac,Arjangarh Metro Station,032300130C03889,"Luxera, Mehrauli-Gurgaon Road, near ARJAN GARH, Aya Nagar, New Delhi, Delhi, India",NEW DELHI,DELHI,28.4824,77.1283,Available,Available,ocpp1.6,"28.4824, 77.1283","28.4824, 77.1283"
67,67443a9efdff2c76599e57a8,Sec 20 C at the back side,JTAC311102400015,"Sector 20-C,Back side of SCO's along V-4 Road, Chandigarh, India",CHANDIGARH,CHANDIGARH,30.7192,76.783,Coming soon,Coming soon,ocpp1.6,"30.7192, 76.783","30.7192, 76.783"
68,67406708fdff2c76599e5743,Jeevan Bharti Building Parking Area,JTAC311102400021,"Jeevan Bharti, Connaught Lane, Janpath, Connaught Place, New Delhi, Delhi, India",NEW DELHI,DELHI,28.6291,77.2178,Available,Available,ocpp1.6,"28.6291, 77.2178","28.6291, 77.2178"
69,67406708fdff2c76599e5743,Jeevan Bharti Building Parking Area,JTAC311102400031,"Jeevan Bharti, Connaught Lane, Janpath, Connaught Place, New Delhi, Delhi, India",NEW DELHI,DELHI,28.6291,77.2178,Available,Available,ocpp1.6,"28.6291, 77.2178","28.6291, 77.2178"
70,6734509d238c803f9e992d98,Behind Mohan Dev Building Parking Area,JTAC311102400033,"Atul Grove Road, Janpath, Connaught Place, New Delhi, Delhi 110001, India",NEW DELHI,DELHI,28.6273,77.2212,Available,Available,ocpp1.6,"28.6273, 77.2212","28.6273, 77.2212"
71,6734509d238c803f9e992d98,Behind Mohan Dev Building Parking Area,JTAC311102400046,"Atul Grove Road, Janpath, Connaught Place, New Delhi, Delhi 110001, India",NEW DELHI,DELHI,28.6273,77.2212,Available,Available,ocpp1.6,"28.6273, 77.2212","28.6273, 77.2212"
72,673198ef076449bdb8879aa1,Nizamuddin,032300130C03086,"Hazarat Nizamuddin Police Station, Lodhi Road, Near Sabz Burj, Nizamuddin, Nizamuddin West, New Delhi, Delhi, India",NEW DELHI,DELHI,28.5929,77.2438,Available,Available,ocpp1.6,"28.5929, 77.2438","28.5929, 77.2438"
73,673198ef076449bdb8879aa1,Nizamuddin,032300130C03088,"Hazarat Nizamuddin Police Station, Lodhi Road, Near Sabz Burj, Nizamuddin, Nizamuddin West, New Delhi, Delhi, India",NEW DELHI,DELHI,28.5929,77.2438,Available,Available,ocpp1.6,"28.5929, 77.2438","28.5929, 77.2438"
74,671b679a7d6c16b37fddc6e0,Sector 26  SCO 31 62  back side,032300130C03017,"Sector 26 Chandigarh SCO 31 62  back side , Opp. SBM TOILET 160019",CHANDIGARH,CHANDIGARH,30.7241,76.8075,Available,Available,ocpp1.6,"30.7241, 76.8075","30.7241, 76.8075"
75,671b679a7d6c16b37fddc6e0,Sector 26  SCO 31 62  back side,032300130C03094,"Sector 26 Chandigarh SCO 31 62  back side , Opp. SBM TOILET 160019",CHANDIGARH,CHANDIGARH,30.7241,76.8075,Available,Coming soon,ocpp1.6,"30.7241, 76.8075","30.7241, 76.8075"
76,671a3cfde2627f2e531860fa,G Block Opp  Madras Hotel Parking,032300130C03061,"Block- G, Connaught Circle, Opposite Madras Hotel Parking, Connaught Place, New Delhi- 110001",NEW DELHI,DELHI,28.6322,77.2166,Available,Available,ocpp1.6,"28.6322, 77.2166","28.6322, 77.2166"
77,671a3cfde2627f2e531860fa,G Block Opp  Madras Hotel Parking,032300130C03082,"Block- G, Connaught Circle, Opposite Madras Hotel Parking, Connaught Place, New Delhi- 110001",NEW DELHI,DELHI,28.6322,77.2166,Available,Available,ocpp1.6,"28.6322, 77.2166","28.6322, 77.2166"
78,671a3cfde2627f2e531860fa,G Block Opp  Madras Hotel Parking,EVS09102025,"Block- G, Connaught Circle, Opposite Madras Hotel Parking, Connaught Place, New Delhi- 110001",NEW DELHI,DELHI,28.6322,77.2166,Available,Available,ocpp1.6,"28.6322, 77.2166","28.6322, 77.2166"
79,671a3621e2627f2e531860f8,Karol Bagh Metro Station,032300130C03014,"Near Karol Bagh Metro Station, Block 1, Sat Nagar, Karol Bagh, Delhi- 110005",NEW DELHI,DELHI,28.6444,77.1895,Available,Available,ocpp1.6,"28.6444, 77.1895","28.6444, 77.1895"
80,671a334be2627f2e531860f5,NH8 4 Opp Satpura Mess IIT,032300130C03136,"Outer Ring Rd, near Bus Stand, Indian Institute of Technology Delhi, Hauz Khas, New Delhi, Delhi 110016",NEW DELHI,DELHI,28.5482,77.1891,Available,Available,ocpp1.6,"28.5482, 77.1891","28.5482, 77.1891"
81,670f738d160c53559b762c7f,Ramjas College,JTAC311102400014,"Tom Uncle Maggi Point, near Ramjas College, University Enclave, Kamla Nagar, Delhi, India",NEW DELHI,DELHI,28.6857,77.2053,Maintenance,Maintenance,ocpp1.6,"28.6857, 77.2053","28.6857, 77.2053"
82,670f738d160c53559b762c7f,Ramjas College,032300130C03119,"Tom Uncle Maggi Point, near Ramjas College, University Enclave, Kamla Nagar, Delhi, India",NEW DELHI,DELHI,28.6857,77.2053,Maintenance,Maintenance,ocpp1.6,"28.6857, 77.2053","28.6857, 77.2053"
83,66fab09b1a8e1be0cc8dc195,Delhi cantt 2,032300130C03016,"Nicholson Lines, Delhi Cantonment, New Delhi, Delhi, India",NEW DELHI,DELHI,28.605,77.1501,Available,Available,ocpp1.6,"28.605, 77.1501","28.605, 77.1501"
84,66fab09b1a8e1be0cc8dc195,Delhi cantt 2,032300130C03999,"Nicholson Lines, Delhi Cantonment, New Delhi, Delhi, India",NEW DELHI,DELHI,28.605,77.1501,Available,Available,ocpp1.6,"28.605, 77.1501","28.605, 77.1501"
85,66eaa8f494dd95cced7287e0,Sector 26 SCO 1 31,032300130C03132,"5, Madhya Marg, Sector 26, Chandigarh, 160019, India",CHANDIGARH,CHANDIGARH,30.7288,76.8022,Available,Available,ocpp1.6,"30.7288, 76.8022","30.7288, 76.8022"
86,66eaa8f494dd95cced7287e0,Sector 26 SCO 1 31,032300130C03122,"5, Madhya Marg, Sector 26, Chandigarh, 160019, India",CHANDIGARH,CHANDIGARH,30.7288,76.8022,Available,Available,ocpp1.6,"30.7288, 76.8022","30.7288, 76.8022"
87,66eaa8f494dd95cced7287e0,Sector 26 SCO 1 31,032300130C03183,"5, Madhya Marg, Sector 26, Chandigarh, 160019, India",CHANDIGARH,CHANDIGARH,30.7288,76.8022,Available,Maintenance,ocpp1.6,"30.7288, 76.8022","30.7288, 76.8022"
88,66eaa8f494dd95cced7287e0,Sector 26 SCO 1 31,30EVS14T5024D019,"5, Madhya Marg, Sector 26, Chandigarh, 160019, India",CHANDIGARH,CHANDIGARH,30.7288,76.8022,Available,Faulted,ocpp1.6,"30.7288, 76.8022","30.7288, 76.8022"
89,66d81cf12bf23f7795699b1a,OKHLA NSIC METRO,032300130C03106,"N.S.I.C, 110020, near OKHLA, Old Ishwar Nagar, Shambhu Dayal Bagh, Okhla, New Delhi 110065, India",NEW DELHI,DELHI,28.5542,77.2654,Available,Available,ocpp1.6,"28.5542, 77.2654","28.5542, 77.2654"
90,66d81cf12bf23f7795699b1a,OKHLA NSIC METRO,230301R10071,"N.S.I.C, 110020, near OKHLA, Old Ishwar Nagar, Shambhu Dayal Bagh, Okhla, New Delhi 110065, India",NEW DELHI,DELHI,28.5542,77.2654,Available,Available,ocpp1.6,"28.5542, 77.2654","28.5542, 77.2654"
91,66d051c1810c309fc91ef796,Hudson lane,032300130C03047,"1145, Mahatma Gandhi Marg, Tagore Park Extension, GTB Nagar, New Delhi, Delhi 110009, India",NEW DELHI,DELHI,28.6993,77.203,Discovery,Discovery,ocpp1.6,"28.6993, 77.203","28.6993, 77.203"
92,66c6e124b1c6b28d21838a76,Masjid moth,032300130C03125,"Masjid Moth Phase 2, Greater Kailash, New Delhi, Delhi 110048",NEW DELHI,DELHI,28.541,77.2347,Coming soon,Coming soon,ocpp1.6,"28.541, 77.2347","28.541, 77.2347"
93,66c6e124b1c6b28d21838a76,Masjid moth,230310F10014,"Masjid Moth Phase 2, Greater Kailash, New Delhi, Delhi 110048",NEW DELHI,DELHI,28.541,77.2347,Coming soon,Coming soon,ocpp1.6,"28.541, 77.2347","28.541, 77.2347"
94,66c5cca6b1c6b28d21838a6c,Delhi Cantt 1,032300130C03051,"Mahatma Gandhi Rd, Industrial Area Phase I, Brar Square, Delhi Cantonment, New Delhi, Delhi 110010, India",NEW DELHI,DELHI,28.6057,77.146,Available,Available,ocpp1.6,"28.6057, 77.146","28.6057, 77.146"
95,66c5cca6b1c6b28d21838a6c,Delhi Cantt 1,122300103C03206,"Mahatma Gandhi Rd, Industrial Area Phase I, Brar Square, Delhi Cantonment, New Delhi, Delhi 110010, India",NEW DELHI,DELHI,28.6057,77.146,Available,Available,ocpp1.6,"28.6057, 77.146","28.6057, 77.146"
96,66bc5b1b2495040daa711588,TIS HAZARI,122300103C03195,"Lala Hardev Sahai Marg, Inter State Bus Terminal, Civil Lines, New Delhi, 110006, India",NEW DELHI,DELHI,28.668,77.2247,Available,Available,ocpp1.6,"28.668, 77.2247","28.668, 77.2247"
97,66bc5b1b2495040daa711588,TIS HAZARI,032300130C03666,"Lala Hardev Sahai Marg, Inter State Bus Terminal, Civil Lines, New Delhi, 110006, India",NEW DELHI,DELHI,28.668,77.2247,Available,Available,ocpp1.6,"28.668, 77.2247","28.668, 77.2247"
98,66bb03b82495040daa711579,Jhandewalan,122300103C03202,"91, Type 4, Block B, spring board, Jhandewalan, New Delhi, Delhi 110055",NEW DELHI,DELHI,28.6446,77.2038,Available,Available,ocpp1.6,"28.6446, 77.2038","28.6446, 77.2038"
99,66bb03b82495040daa711579,Jhandewalan,032300130C03139,"91, Type 4, Block B, spring board, Jhandewalan, New Delhi, Delhi 110055",NEW DELHI,DELHI,28.6446,77.2038,Available,Available,ocpp1.6,"28.6446, 77.2038","28.6446, 77.2038"
100,66bb03b82495040daa711579,Jhandewalan,122300103C03188,"91, Type 4, Block B, spring board, Jhandewalan, New Delhi, Delhi 110055",NEW DELHI,DELHI,28.6446,77.2038,Available,Available,ocpp1.6,"28.6446, 77.2038","28.6446, 77.2038"
101,66baf63b2495040daa711577,Kingsway Camp,122300103C03186,"Banarsi Das Estate, Timarpur, Delhi, India",NEW DELHI,DELHI,28.6966,77.211,Available,Available,ocpp1.6,"28.6966, 77.211","28.6966, 77.211"
102,66baee1a2495040daa711575,Model Town,122300103C03199,"Swarn Jayanti Vihar Park, Tikri Khurd Village, Tikri Khurd, Delhi, Delhi 110040, India",NEW DELHI,DELHI,28.7076,77.1809,Available,Available,ocpp1.6,"28.7076, 77.1809","28.7076, 77.1809"
103,66baee1a2495040daa711575,Model Town,032300130C03058,"Swarn Jayanti Vihar Park, Tikri Khurd Village, Tikri Khurd, Delhi, Delhi 110040, India",NEW DELHI,DELHI,28.7076,77.1809,Available,Available,ocpp1.6,"28.7076, 77.1809","28.7076, 77.1809"
104,668fa95fbcfe6047355f3951,Rajendra Nagar,032300130C03100,"80, Shankar Road, Block 5, Old Rajinder Nagar, Rajinder Nagar, New Delhi, Delhi, India",NEW DELHI,DELHI,28.6383,77.1804,Available,Available,ocpp1.6,"28.6383, 77.1804","28.6383, 77.1804"
105,668fa95fbcfe6047355f3951,Rajendra Nagar,032300130C03002,"80, Shankar Road, Block 5, Old Rajinder Nagar, Rajinder Nagar, New Delhi, Delhi, India",NEW DELHI,DELHI,28.6383,77.1804,Available,Available,ocpp1.6,"28.6383, 77.1804","28.6383, 77.1804"
106,668536f0ae1f372eee20efd8,ESI Punjabi Bagh,122300103C03192,"Ring Rd, Shivaji Enclave, Tagore Garden Extension, New Delhi, Delhi, 110018",NEW DELHI,DELHI,28.6591,77.1286,Available,Available,ocpp1.6,"28.6591, 77.1286","28.6591, 77.1286"
107,66838cffae1f372eee20efce,Lajpat Nagar,032300130C03102,"A / 66, FF, Lajpat Nagar part 2, New Delhi, Delhi 110024",NEW DELHI,DELHI,28.5697,77.2385,Available,Available,ocpp1.6,"28.5697, 77.2385","28.5697, 77.2385"
108,66791423393a34c4248b6e31,Punjabi bagh,JTAC311102400032,"M48P+P24, Block F, Sudershan Park, Delhi, 110026",NEW DELHI,DELHI,28.6668,77.1351,Available,Available,ocpp1.6,"28.6668, 77.1351","28.6668, 77.1351"
109,66791423393a34c4248b6e31,Punjabi bagh,JTAC311102400005,"M48P+P24, Block F, Sudershan Park, Delhi, 110026",NEW DELHI,DELHI,28.6668,77.1351,Available,Available,ocpp1.6,"28.6668, 77.1351","28.6668, 77.1351"
110,667425ffd7e339660b7dc0d3,Maharaja Agrasen Hospital,JTAC311102400054,"Maharaja Agrasen Hospital, Rohtak Road, Railway Colony North, Shakur Basti, New Delhi, Delhi, India",NEW DELHI,DELHI,28.6746,77.1348,Available,Available,ocpp1.6,"28.6746, 77.1348","28.6746, 77.1348"
111,66419e3678ce54af3bb64864,Okhla Mandi,230301R10422,"H756+RMJ, Captain Gaur Marg, G Block, Shambhu Dayal Bagh, Bahapur, New Delhi, Delhi 110048",NEW DELHI,DELHI,28.5596,77.2616,Available,Available,ocpp1.6,"28.5596, 77.2616","28.5596, 77.2616"
112,66419e3678ce54af3bb64864,Okhla Mandi,Dummy- 0048,"H756+RMJ, Captain Gaur Marg, G Block, Shambhu Dayal Bagh, Bahapur, New Delhi, Delhi 110048",NEW DELHI,DELHI,28.5596,77.2616,Available,Available,ocpp1.6,"28.5596, 77.2616","28.5596, 77.2616"
113,66419d8878ce54af3bb64862,Kalra hospital,032300130C03142,"Block A, Indira Colony, Kirti Nagar, New Delhi, 110015",NEW DELHI,DELHI,28.655,77.138,Available,Available,ocpp1.6,"28.655, 77.138","28.655, 77.138"
114,66419d8878ce54af3bb64862,Kalra hospital,JTAC311102400028,"Block A, Indira Colony, Kirti Nagar, New Delhi, 110015",NEW DELHI,DELHI,28.655,77.138,Available,Available,ocpp1.6,"28.655, 77.138","28.655, 77.138"
115,66419cfd78ce54af3bb64860,South extension,032300130C03110,"Block H, South Extension I, New Delhi, Delhi 110049, India",NEW DELHI,DELHI,28.5689,77.2217,Discovery,Discovery,ocpp1.6,"28.5689, 77.2217","28.5689, 77.2217"
116,66278d44a51c7f3385b4494c,Moti Nagar,JTAC311102400025,"Block A, New Moti Nagar, Moti Nagar, New Delhi 110015",NEW DELHI,DELHI,28.6607,77.1432,Available,Available,ocpp1.6,"28.6607, 77.1432","28.6607, 77.1432"
117,66224e631f937eafe588ef5f,GK Nala,032300130C03056,"Block B, Greater Kailash I, Greater Kailash, New Delhi, Delhi 110048",NEW DELHI,DELHI,28.5534,77.2302,Available,Available,ocpp1.6,"28.5534, 77.2302","28.5534, 77.2302"
118,66224e631f937eafe588ef5f,GK Nala,032300130C03091,"Block B, Greater Kailash I, Greater Kailash, New Delhi, Delhi 110048",NEW DELHI,DELHI,28.5534,77.2302,Available,Available,ocpp1.6,"28.5534, 77.2302","28.5534, 77.2302"
119,661eae751f937eafe588ed74,Nehru Place,032300130C03115,"Nehru Place, New Delhi, Delhi 110048",NEW DELHI,DELHI,28.5467,77.2525,Available,Available,ocpp1.6,"28.5467, 77.2525","28.5467, 77.2525"
120,661eae751f937eafe588ed74,Nehru Place,JTAC311102400050,"Nehru Place, New Delhi, Delhi 110048",NEW DELHI,DELHI,28.5467,77.2525,Available,Available,ocpp1.6,"28.5467, 77.2525","28.5467, 77.2525"
121,66191ab066512ff1b8c74679,Karampura,JTAC311102400012,"1-287, Shop no.1, Karampura, New Delhi, Delhi 110015",NEW DELHI,DELHI,28.6655,77.1394,Available,Available,ocpp1.6,"28.6655, 77.1394","28.6655, 77.1394"
122,661917f366512ff1b8c74677,JLN Stadium 3019,032300130C03019,"Baba Banda Singh Bahadur Setu, Kasturba Nagar, Lodi Colony, New Delhi, Delhi 110003",NEW DELHI,DELHI,28.5797,77.2305,Available,Available,ocpp1.6,"28.5797, 77.2305","28.5797, 77.2305"
123,661917f366512ff1b8c74677,JLN Stadium 3019,122300103C03299,"Baba Banda Singh Bahadur Setu, Kasturba Nagar, Lodi Colony, New Delhi, Delhi 110003",NEW DELHI,DELHI,28.5797,77.2305,Available,Available,ocpp1.6,"28.5797, 77.2305","28.5797, 77.2305"
124,661916be66512ff1b8c74675,Rk Puram,032300130C03129,Sector 5 RK Puram,NEW DELHI,DELHI,28.5604,77.1704,Available,Available,ocpp1.6,"28.5604, 77.1704","28.5604, 77.1704"
125,6619136d66512ff1b8c74673,Gulabi Bagh 3108,032300130C03108,"Swami Narayan Marg, Block A, Gulabi Bagh, New Delhi, 110007",NEW DELHI,DELHI,28.6752,77.1887,Available,Available,ocpp1.6,"28.6752, 77.1887","28.6752, 77.1887"
126,6619136d66512ff1b8c74673,Gulabi Bagh 3108,122300103C03207,"Swami Narayan Marg, Block A, Gulabi Bagh, New Delhi, 110007",NEW DELHI,DELHI,28.6752,77.1887,Available,Available,ocpp1.6,"28.6752, 77.1887","28.6752, 77.1887"
127,661912c766512ff1b8c74671,Seelampur,032300130C03074,"New Seelampur, Shahdara, New Delhi 110053",NEW DELHI,DELHI,28.672,77.2733,Available,Available,ocpp1.6,"28.672, 77.2733","28.672, 77.2733"
128,661912c766512ff1b8c74671,Seelampur,122300103C03183,"New Seelampur, Shahdara, New Delhi 110053",NEW DELHI,DELHI,28.672,77.2733,Available,Available,ocpp1.6,"28.672, 77.2733","28.672, 77.2733"
129,661912c766512ff1b8c74671,Seelampur,032300130C03130,"New Seelampur, Shahdara, New Delhi 110053",NEW DELHI,DELHI,28.672,77.2733,Available,Available,ocpp1.6,"28.672, 77.2733","28.672, 77.2733"
130,66190eac66512ff1b8c7466f,ANDHERIA MOD,032300130C03140,Desu Colony Mehrauli,NEW DELHI,DELHI,28.5088,77.1773,Available,Available,ocpp1.6,"28.5088, 77.1773","28.5088, 77.1773"
131,66190eac66512ff1b8c7466f,ANDHERIA MOD,21082025,Desu Colony Mehrauli,NEW DELHI,DELHI,28.5088,77.1773,Available,Available,ocpp1.6,"28.5088, 77.1773","28.5088, 77.1773"
132,6618c8e566512ff1b8c7466c,Majnu Ka Tila 3107,032300130C03107,"T-28, Aruna Nagar, near Gurudwara, Majnu-ka-tilla, Delhi, 110054",NEW DELHI,DELHI,28.698,77.2274,Available,Available,ocpp1.6,"28.698, 77.2274","28.698, 77.2274"
133,6618c8e566512ff1b8c7466c,Majnu Ka Tila 3107,241210K100041,"T-28, Aruna Nagar, near Gurudwara, Majnu-ka-tilla, Delhi, 110054",NEW DELHI,DELHI,28.698,77.2274,Available,Available,ocpp1.6,"28.698, 77.2274","28.698, 77.2274"
134,6618bfd266512ff1b8c7466a,Pamposh,032300130C03087,"Outer Ring Rd, Greater Kailash-1, Nehru Enclave, Kalkaji, New Delhi, Delhi 110048",NEW DELHI,DELHI,28.5445,77.2459,Available,Available,ocpp1.6,"28.5445, 77.2459","28.5445, 77.2459"
135,66167c9566512ff1b8c7465d,Ashram,032300130C03105,"Mahatma Gandhi Flyover, Friends Colony West, Hari Nagar Ashram, New Delhi, Delhi, India",NEW DELHI,DELHI,28.5719,77.2579,Available,Available,ocpp1.6,"28.5719, 77.2579","28.5719, 77.2579"
136,66167c9566512ff1b8c7465d,Ashram,122300103C03189,"Mahatma Gandhi Flyover, Friends Colony West, Hari Nagar Ashram, New Delhi, Delhi, India",NEW DELHI,DELHI,28.5719,77.2579,Available,Available,ocpp1.6,"28.5719, 77.2579","28.5719, 77.2579"
137,66165e52817e68210ab54cbb,Pearl Academy,032300130C03062,A21/12 Dr Girdharilal Goswami Marg Block A Phase 2 Naraina Industrial Estate North,NEW DELHI,DELHI,28.6423,77.1462,Available,Available,ocpp1.6,"28.6423, 77.1462","28.6423, 77.1462"
138,66165e52817e68210ab54cbb,Pearl Academy,122300103C03201,A21/12 Dr Girdharilal Goswami Marg Block A Phase 2 Naraina Industrial Estate North,NEW DELHI,DELHI,28.6423,77.1462,Available,Available,ocpp1.6,"28.6423, 77.1462","28.6423, 77.1462"
139,66165d5e817e68210ab54cb5,Satya Park,032300130C03071,B-68/2 Goswami Girdhari Lal Marg Phase 2 Naraina Industrial Area Phase 1 Naraina,NEW DELHI,DELHI,28.6451,77.148,Available,Available,ocpp1.6,"28.6451, 77.148","28.6451, 77.148"
140,66165d5e817e68210ab54cb5,Satya Park,122300103C03185,B-68/2 Goswami Girdhari Lal Marg Phase 2 Naraina Industrial Area Phase 1 Naraina,NEW DELHI,DELHI,28.6451,77.148,Available,Available,ocpp1.6,"28.6451, 77.148","28.6451, 77.148"
141,66165c9f817e68210ab54cb0,LOHA Mandi Naraina 3063,JTAC311102400053,Krishi Kunj,NEW DELHI,DELHI,28.6394,77.1438,Available,Available,ocpp1.6,"28.6394, 77.1438","28.6394, 77.1438"
142,66165c9f817e68210ab54cb0,LOHA Mandi Naraina 3063,122300103C03205,Krishi Kunj,NEW DELHI,DELHI,28.6394,77.1438,Available,Available,ocpp1.6,"28.6394, 77.1438","28.6394, 77.1438"
143,66165bf3817e68210ab54cab,A1 Banquet hall,032300130C03124,"Naraina Flyover, Industrial Area Phase I, Block A, Naraina Industrial Area Phase 1, Naraina, New Delhi, Delhi, India",NEW DELHI,DELHI,28.6337,77.1396,Available,Available,ocpp1.6,"28.6337, 77.1396","28.6337, 77.1396"
144,66165bf3817e68210ab54cab,A1 Banquet hall,122300103C03187,"Naraina Flyover, Industrial Area Phase I, Block A, Naraina Industrial Area Phase 1, Naraina, New Delhi, Delhi, India",NEW DELHI,DELHI,28.6337,77.1396,Available,Available,ocpp1.6,"28.6337, 77.1396","28.6337, 77.1396"
145,66164b3e62b0f0f18f1c3653,RTR Marg 2,032300130C03073,"Qutab Garh, Sector 8, Rama Krishna Puram, New Delhi, Delhi 110022",NEW DELHI,DELHI,28.5734,77.1651,Available,Available,ocpp1.6,"28.5734, 77.1651","28.5734, 77.1651"
146,66164ab962b0f0f18f1c364f,RTR MARG 1,JTAC311102400008,"KD Colony, Sector 9, Rama Krishna Puram, New Delhi, Delhi 110022",NEW DELHI,DELHI,28.5751,77.1688,Available,Available,ocpp1.6,"28.5751, 77.1688","28.5751, 77.1688"
147,6616471c62b0f0f18f1c3635,Vasant Gaon,032300130C03077,"621, Qutab Garh, Sector 8, Rama Krishna Puram, New Delhi, Delhi, India",NEW DELHI,DELHI,28.5698,77.1641,Available,Available,ocpp1.6,"28.5698, 77.1641","28.5698, 77.1641"
148,6616471c62b0f0f18f1c3635,Vasant Gaon,JTAC311102400047,"621, Qutab Garh, Sector 8, Rama Krishna Puram, New Delhi, Delhi, India",NEW DELHI,DELHI,28.5698,77.1641,Available,Available,ocpp1.6,"28.5698, 77.1641","28.5698, 77.1641"
149,6616465062b0f0f18f1c362f,Malaai Mandir Hll,032300130C03116,"Vasant Place Market, Sonia Gandhi Camp, Sector 6, Rama Krishna Puram, New Delhi, Delhi 110022",NEW DELHI,DELHI,28.5694,77.1651,Available,Available,ocpp1.6,"28.5694, 77.1651","28.5694, 77.1651"
150,6616465062b0f0f18f1c362f,Malaai Mandir Hll,032300130C03137,"Vasant Place Market, Sonia Gandhi Camp, Sector 6, Rama Krishna Puram, New Delhi, Delhi 110022",NEW DELHI,DELHI,28.5694,77.1651,Available,Coming soon,ocpp1.6,"28.5694, 77.1651","28.5694, 77.1651"
151,6616410b62b0f0f18f1c3617,Sangam Cut,032300130C03049,"Major Somnath Marg, KD Colony, Sector 12, Rama Krishna Puram, New Delhi, Delhi 110022",NEW DELHI,DELHI,28.5764,77.1717,Available,Available,ocpp1.6,"28.5764, 77.1717","28.5764, 77.1717"
152,6616400862b0f0f18f1c3610,Sangam T Point,032300130C03046,"H5CC+VWP, Sector 9, Rama Krishna Puram, New Delhi, Delhi 110022",NEW DELHI,DELHI,28.5718,77.1724,Available,Available,ocpp1.6,"28.5718, 77.1724","28.5718, 77.1724"
153,6616400862b0f0f18f1c3610,Sangam T Point,230301R10058,"H5CC+VWP, Sector 9, Rama Krishna Puram, New Delhi, Delhi 110022",NEW DELHI,DELHI,28.5718,77.1724,Available,Available,ocpp1.6,"28.5718, 77.1724","28.5718, 77.1724"
154,6615380fe9e6952ccc5c2ea1,Sheikh sarai,032300130C03093,"Press Enclave Marg, K Pocket, Phase II, Pushp Vihar, New Delhi, Delhi 110017",NEW DELHI,DELHI,28.5327,77.2293,Available,Available,ocpp1.6,"28.5327, 77.2293","28.5327, 77.2293"
155,6615380fe9e6952ccc5c2ea1,Sheikh sarai,032300130C03141,"Press Enclave Marg, K Pocket, Phase II, Pushp Vihar, New Delhi, Delhi 110017",NEW DELHI,DELHI,28.5327,77.2293,Available,Maintenance,ocpp1.6,"28.5327, 77.2293","28.5327, 77.2293"
156,66152ee348e1b5bd5ae1dc81,Press Enclave,032300130C03064,62 Saket District Centre District Centre Sector 6 Saket,NEW DELHI,DELHI,28.53,77.2184,Available,Available,ocpp1.6,"28.53, 77.2184","28.53, 77.2184"
157,66152ee348e1b5bd5ae1dc81,Press Enclave,032300130C03066,62 Saket District Centre District Centre Sector 6 Saket,NEW DELHI,DELHI,28.53,77.2184,Available,Faulted,ocpp1.6,"28.53, 77.2184","28.53, 77.2184"
158,6615297648e1b5bd5ae1dc78,TB Hospital,032300130C03009,"Service Rd Aurobindo Marg, Qila Rai Pithora, New Delhi, Delhi 110016",NEW DELHI,DELHI,28.5293,77.191,Available,Available,ocpp1.6,"28.5293, 77.191","28.5293, 77.191"
159,6615297648e1b5bd5ae1dc78,TB Hospital,032300130C03048,"Service Rd Aurobindo Marg, Qila Rai Pithora, New Delhi, Delhi 110016",NEW DELHI,DELHI,28.5293,77.191,Available,Available,ocpp1.6,"28.5293, 77.191","28.5293, 77.191"
160,66150fb848e1b5bd5ae1dc20,ADCHINI TRAFFIC,032300130C03005,"G5PW+HWQ, Adchini, Adhchini Village, Qutab Enclave, New Delhi, Delhi 110016",NEW DELHI,DELHI,28.5366,77.1975,Available,Available,ocpp1.6,"28.5366, 77.1975","28.5366, 77.1975"
161,66150fb848e1b5bd5ae1dc20,ADCHINI TRAFFIC,230301F10100,"G5PW+HWQ, Adchini, Adhchini Village, Qutab Enclave, New Delhi, Delhi 110016",NEW DELHI,DELHI,28.5366,77.1975,Available,Available,ocpp1.6,"28.5366, 77.1975","28.5366, 77.1975"
162,66150fb848e1b5bd5ae1dc20,ADCHINI TRAFFIC,230301R10244,"G5PW+HWQ, Adchini, Adhchini Village, Qutab Enclave, New Delhi, Delhi 110016",NEW DELHI,DELHI,28.5366,77.1975,Available,Available,ocpp1.6,"28.5366, 77.1975","28.5366, 77.1975"
163,66150dcc48e1b5bd5ae1dc1c,Asiad Village,230301R10016,Shahpur Jat Siri Fort,NEW DELHI,DELHI,28.5506,77.2108,Available,Available,ocpp1.6,"28.5506, 77.2108","28.5506, 77.2108"
164,66150dcc48e1b5bd5ae1dc1c,Asiad Village,230301F10209,Shahpur Jat Siri Fort,NEW DELHI,DELHI,28.5506,77.2108,Available,Available,ocpp1.6,"28.5506, 77.2108","28.5506, 77.2108"
165,66150c9848e1b5bd5ae1dc15,SIRI FORT,032300130C03045,"Siri Institutional Area, Siri Fort Institutional Area, Siri Fort, New Delhi, Delhi 110049",NEW DELHI,DELHI,28.5541,77.2129,Available,Available,ocpp1.6,"28.5541, 77.2129","28.5541, 77.2129"
166,6615095c48e1b5bd5ae1dc09,SAPNA CINEMA,032300130C03011,"D Block, East of Kailash, New Delhi, Delhi 110048",NEW DELHI,DELHI,28.5594,77.2444,Available,Available,ocpp1.6,"28.5594, 77.2444","28.5594, 77.2444"
167,6615095c48e1b5bd5ae1dc09,SAPNA CINEMA,032300130C03068,"D Block, East of Kailash, New Delhi, Delhi 110048",NEW DELHI,DELHI,28.5594,77.2444,Available,Available,ocpp1.6,"28.5594, 77.2444","28.5594, 77.2444"
168,6611281b48e1b5bd5ae1da50,Hauz khas Metro,032300130C03057,"Sri Krishna Chaitanya Mahaprabhu Marg, Block F, Police Colony, Hauz Khas, New Delhi, Delhi 110016",NEW DELHI,DELHI,28.5436,77.2049,Available,Available,ocpp1.6,"28.5436, 77.2049","28.5436, 77.2049"
169,6611281b48e1b5bd5ae1da50,Hauz khas Metro,230301R10231,"Sri Krishna Chaitanya Mahaprabhu Marg, Block F, Police Colony, Hauz Khas, New Delhi, Delhi 110016",NEW DELHI,DELHI,28.5436,77.2049,Available,Available,ocpp1.6,"28.5436, 77.2049","28.5436, 77.2049"
170,6611171f48e1b5bd5ae1da46,Malyalee,032300130C03143,"Olof Palme Marg, Sector 4, Rama Krishna Puram, New Delhi, Delhi 110022",NEW DELHI,DELHI,28.5556,77.1765,Discovery,Discovery,ocpp1.6,"28.5556, 77.1765","28.5556, 77.1765"
171,6611171f48e1b5bd5ae1da46,Malyalee,JTAC311102400034,"Olof Palme Marg, Sector 4, Rama Krishna Puram, New Delhi, Delhi 110022",NEW DELHI,DELHI,28.5556,77.1765,Discovery,Discovery,ocpp1.6,"28.5556, 77.1765","28.5556, 77.1765"
172,661108d048e1b5bd5ae1da3c,IIT,032300130C03059,"Deer Park, Hauz Khas, New Delhi, Delhi 110016",NEW DELHI,DELHI,28.548,77.1907,Discovery,Discovery,ocpp1.6,"28.548, 77.1907","28.548, 77.1907"
173,661105ed48e1b5bd5ae1da3a,Hauz khas telephone exchange,032300130C03085,"Sri Aurobindo Marg, Block K, Hauz Khas Enclave, Hauz Khas, New Delhi, Delhi 110016",NEW DELHI,DELHI,28.5454,77.2016,Discovery,Discovery,ocpp1.6,"28.5454, 77.2016","28.5454, 77.2016"
174,661105ed48e1b5bd5ae1da3a,Hauz khas telephone exchange,032300130C03090,"Sri Aurobindo Marg, Block K, Hauz Khas Enclave, Hauz Khas, New Delhi, Delhi 110016",NEW DELHI,DELHI,28.5454,77.2016,Discovery,Discovery,ocpp1.6,"28.5454, 77.2016","28.5454, 77.2016"
175,6610ff1148e1b5bd5ae1da35,Hauz Khas,032300130C03098,"IIT Flyover, Block 1, Sarvapriya Vihar, New Delhi, Delhi 110016",NEW DELHI,DELHI,28.5439,77.2071,Available,Available,ocpp1.6,"28.5439, 77.2071","28.5439, 77.2071"
176,6610f2e948e1b5bd5ae1da22,NH8 7 Panchsheel Park Metro Station Gate No1,032300130C03081,"Gamal Abdel Nasser Marg, Block B, Soami Nagar South, Soami Nagar, New Delhi, Delhi 110017",NEW DELHI,DELHI,28.5424,77.222,Available,Available,ocpp1.6,"28.5424, 77.222","28.5424, 77.222"
177,6610ef1048e1b5bd5ae1da1a,GK 2 3130,032300130C03092,"G6QQ+5RM, Greater Kailash Part 3, Greater Kailash, New Delhi, Delhi 110048",NEW DELHI,DELHI,28.538,77.2395,Available,Available,ocpp1.6,"28.538, 77.2395","28.538, 77.2395"
178,65fbe858247167990ba87619,LSR college,230301F10013,"Block C, National Park, Lajpat Nagar, New Delhi, Delhi 110048",NEW DELHI,DELHI,28.5585,77.2393,Available,Coming soon,ocpp1.6,"28.5585, 77.2393","28.5585, 77.2393"
179,65fbe858247167990ba87619,LSR college,032300130C03089,"Block C, National Park, Lajpat Nagar, New Delhi, Delhi 110048",NEW DELHI,DELHI,28.5585,77.2393,Available,Available,ocpp1.6,"28.5585, 77.2393","28.5585, 77.2393"
180,65ae97caf39062a953add7bd,Kalkaji Mandir,032300130C03117,46 Okhla Phase III Okhla Industrial Estate,NEW DELHI,DELHI,28.5506,77.2637,Available,Available,ocpp1.6,"28.5506, 77.2637","28.5506, 77.2637"
181,65ae97caf39062a953add7bd,Kalkaji Mandir,032300130C03128,46 Okhla Phase III Okhla Industrial Estate,NEW DELHI,DELHI,28.5506,77.2637,Available,Available,ocpp1.6,"28.5506, 77.2637","28.5506, 77.2637"
182,65ae9767f39062a953add7bc,Okhla,032300130C03134,Okhla Phase III Okhla Industrial Estate,NEW DELHI,DELHI,28.5532,77.2646,Available,Available,ocpp1.6,"28.5532, 77.2646","28.5532, 77.2646"
183,65ae9767f39062a953add7bc,Okhla,032300130C03333,Okhla Phase III Okhla Industrial Estate,NEW DELHI,DELHI,28.5532,77.2646,Available,Available,ocpp1.6,"28.5532, 77.2646","28.5532, 77.2646"
184,65ae96e8f39062a953add7bb,Paschim Vihar West,032300130C03078,"Jain Muni Guru Ramkrishan Marg, Block A, Paschim Vihar, नई दिल्ली, Delhi 110063",NEW DELHI,DELHI,28.6786,77.1004,Available,Available,ocpp1.6,"28.6786, 77.1004","28.6786, 77.1004"
185,65ae96e8f39062a953add7bb,Paschim Vihar West,032300130C03126,"Jain Muni Guru Ramkrishan Marg, Block A, Paschim Vihar, नई दिल्ली, Delhi 110063",NEW DELHI,DELHI,28.6786,77.1004,Available,Available,ocpp1.6,"28.6786, 77.1004","28.6786, 77.1004"
186,65ae95daf39062a953add7b9,Qutub Minar,032300130C03065,"Kalu Ram Rd, Seth Sarai, Mehrauli, New Delhi, Delhi 110016",NEW DELHI,DELHI,28.5265,77.1861,Available,Available,ocpp1.6,"28.5265, 77.1861","28.5265, 77.1861"
187,65ae951ff39062a953add7b7,Malai Mandir,032300130C03044,"Vasant Place Market, Sonia Gandhi Camp, Sector 6, Rama Krishna Puram, New Delhi, Delhi 110022",NEW DELHI,DELHI,28.5653,77.1671,Available,Available,ocpp1.6,"28.5653, 77.1671","28.5653, 77.1671"
188,65ae951ff39062a953add7b7,Malai Mandir,032300130C03131,"Vasant Place Market, Sonia Gandhi Camp, Sector 6, Rama Krishna Puram, New Delhi, Delhi 110022",NEW DELHI,DELHI,28.5653,77.1671,Available,Available,ocpp1.6,"28.5653, 77.1671","28.5653, 77.1671"
189,65ae8e83f39062a953add7b3,Shyam Lal College,032300130C03013,"Dwarkapuri, Shahdara, New Delhi 110032",NEW DELHI,DELHI,28.6738,77.2837,Available,Available,ocpp1.6,"28.6738, 77.2837","28.6738, 77.2837"
190,65ae8e83f39062a953add7b3,Shyam Lal College,032300130C03053,"Dwarkapuri, Shahdara, New Delhi 110032",NEW DELHI,DELHI,28.6738,77.2837,Available,Available,ocpp1.6,"28.6738, 77.2837","28.6738, 77.2837"
191,65ae8e83f39062a953add7b3,Shyam Lal College,032300130C03120,"Dwarkapuri, Shahdara, New Delhi 110032",NEW DELHI,DELHI,28.6738,77.2837,Available,Available,ocpp1.6,"28.6738, 77.2837","28.6738, 77.2837"
192,65ae8d8df39062a953add7b1,YUSUF SARAI PARKING AREA FC AAIMS,032300130C03055,"Sri Aurobindo Marg, Block Q, Green Park Extension, Green Park, New Delhi, Delhi 110016",NEW DELHI,DELHI,28.5589,77.207,Available,Available,ocpp1.6,"28.5589, 77.207","28.5589, 77.207"
193,65ae88e1f39062a953add7a9,NEAR QUTUB MINAR ROAD,032300130C03099,"Seth Sarai, Mehrauli, New Delhi, Delhi 110016",NEW DELHI,DELHI,28.5264,77.1865,Available,Available,ocpp1.6,"28.5264, 77.1865","28.5264, 77.1865"
194,65ae88e1f39062a953add7a9,NEAR QUTUB MINAR ROAD,032300130C03144,"Seth Sarai, Mehrauli, New Delhi, Delhi 110016",NEW DELHI,DELHI,28.5264,77.1865,Available,Available,ocpp1.6,"28.5264, 77.1865","28.5264, 77.1865"